{
  "name": "Whiskyjarjar",
  "birthday": "2014年",
  "deathday": "2020年2月27日",
  "platform": "豆瓣",
  "cause of death": "主动弃用",
  "obituary": "它陪我度过了我青春当中最美好的那段时间，也记录了我观影、音乐、读书的足迹。但是那一天突然意识到，我需要的已经不是一个用来“体现我品味”的地方，而是一个真正的属于我自己的精神角落。\n 我不会把它注销，但也不会再去使用这个账号。\n 一个新的开始。"
}

 